хамас,0.5237537760496
фатх,0.2277190330650435
на,0.1907364272008344
выборов,0.1516531623321714
что,0.1458572678594616
аббас,0.12435776254094154
группировки,0.09915747823861552
закон,0.09915747823861552
по,0.08975831868274559
движения,0.08550977834300057
аббаса,0.08550977834300057
как,0.0785385288474024
решение,0.07598702210474588
протяжении,0.0758265811660857
палестинской,0.0758265811660857
свой,0.06831570991951305
секторе,0.06831570991951305
газа,0.06831570991951305
систему,0.06831570991951305
не,0.06731873901205919
имидж,0.06610498549241035
автономии,0.06610498549241035
избирательной,0.06610498549241035
основе,0.06610498549241035
комиссия,0.06610498549241035
программа,0.06610498549241035
избирательный,0.06610498549241035
система,0.06610498549241035
половина,0.06610498549241035
парламентских,0.06610498549241035
отсрочке,0.06610498549241035
проведения,0.06610498549241035
кампании,0.06610498549241035
которое,0.06217888127047077
законодательное,0.057006518895333716
палестинскую,0.057006518895333716
национальные,0.057006518895333716
местные,0.057006518895333716
собрание,0.057006518895333716
региональной,0.057006518895333716
голосования,0.057006518895333716
популярность,0.057006518895333716
администрация,0.057006518895333716
американской,0.057006518895333716
выборы,0.05699026657855941
его,0.056098949176716
был,0.052495684093555886
мест,0.0505510541107238
органы,0.0505510541107238
однако,0.0505510541107238
которой,0.0505510541107238
политику,0.0505510541107238
политическую,0.0505510541107238
члены,0.0505510541107238
этой,0.04853118137485583
все,0.04853118137485583
но,0.0482050628321257
буша,0.0455438066130087
организации,0.0455438066130087
америки,0.0455438066130087
времени,0.0455438066130087
палестинских,0.0455438066130087
израилем,0.0455438066130087
после,0.044984812846983226
будет,0.04177673228726333
были,0.04145258751364717
соглашения,0.04145258751364717
тем,0.04145258751364717
палестинцев,0.04145258751364717
за,0.03884798419794095
недавно,0.03799351105237294
выборах,0.03799351105237294
лидеры,0.03799351105237294
из,0.03615379712409428
несколько,0.03499712272903726
политической,0.03499712272903726
свою,0.03499712272903726
это,0.033659369506029595
срока,0.03305249274620518
ратификации,0.03305249274620518
запланированные,0.03305249274620518
неопределенное,0.03305249274620518
бескомпромиссного,0.03305249274620518
борьбой,0.03305249274620518
утверждают,0.03305249274620518
принесет,0.03305249274620518
достиг,0.03305249274620518
причинам,0.03305249274620518
утверждая,0.03305249274620518
утверждение,0.03305249274620518
наблюдателей,0.03305249274620518
расширить,0.03305249274620518
партией,0.03305249274620518
теперешнем,0.03305249274620518
растущего,0.03305249274620518
упала,0.03305249274620518
реформе,0.03305249274620518
махмуда,0.03305249274620518
пристально,0.03305249274620518
упоминалось,0.03305249274620518
комиссии,0.03305249274620518
впечатляющие,0.03305249274620518
трети,0.03305249274620518
поддержали,0.03305249274620518
отклонен,0.03305249274620518
первоначальная,0.03305249274620518
запятнан,0.03305249274620518
растущую,0.03305249274620518
непопулярности,0.03305249274620518
представления,0.03305249274620518
дилемму,0.03305249274620518
беспорядках,0.03305249274620518
полного,0.03305249274620518
третьем,0.03305249274620518
кандидатами,0.03305249274620518
предпочитает,0.03305249274620518
фракций,0.03305249274620518
региональная,0.03305249274620518
законодательных,0.03305249274620518
некоторого,0.03305249274620518
сегодняшнему,0.03305249274620518
пойдут,0.03305249274620518
карты,0.03305249274620518
сложить,0.03305249274620518
некомпетентности,0.03305249274620518
фракцией,0.03305249274620518
вступил,0.03305249274620518
партийного,0.03305249274620518
принят,0.03305249274620518
формулировка,0.03305249274620518
выводу,0.03305249274620518
роли,0.03305249274620518
показателей,0.03305249274620518
усиливает,0.03305249274620518
бойкота,0.03305249274620518
конкурентом,0.03305249274620518
партиям,0.03305249274620518
исторических,0.03305249274620518
представление,0.03305249274620518
июля,0.03305249274620518
пришло,0.03305249274620518
приняло,0.03305249274620518
прогнозы,0.03305249274620518
недавних,0.03305249274620518
основной,0.03305249274620518
участие,0.03305249274620518
поддерживали,0.03305249274620518
основой,0.03305249274620518
партиями,0.03305249274620518
западе,0.03305249274620518
исламистским,0.03305249274620518
следит,0.03305249274620518
подписание,0.03305249274620518
учреждение,0.03305249274620518
сильном,0.03305249274620518
выиграл,0.03305249274620518
центральной,0.03305249274620518
показало,0.03305249274620518
заставило,0.03305249274620518
обвинениями,0.03305249274620518
играет,0.03305249274620518
обеспокоены,0.03305249274620518
возникнет,0.03305249274620518
обеспечило,0.03305249274620518
объявить,0.03305249274620518
объявлении,0.03305249274620518
процесса,0.03305249274620518
муниципалитетах,0.03305249274620518
последним,0.03305249274620518
думает,0.03305249274620518
обвиняет,0.03305249274620518
назначенная,0.03305249274620518
террористических,0.03305249274620518
точку,0.03305249274620518
линии,0.03305249274620518
последнего,0.03305249274620518
разлад,0.03305249274620518
настаивает,0.03305249274620518
одержал,0.03305249274620518
движением,0.03305249274620518
собственная,0.03305249274620518
прежде,0.03305249274620518
полон,0.03305249274620518
государственным,0.03305249274620518
возмущен,0.03305249274620518
дата,0.03305249274620518
уложится,0.03305249274620518
президентской,0.03305249274620518
ясна,0.03305249274620518
поставила,0.03305249274620518
убиты,0.03305249274620518
17,0.03305249274620518
прямое,0.03305249274620518
такому,0.03305249274620518
палестине,0.03305249274620518
избираться,0.03305249274620518
палестинcкой,0.03305249274620518
влиянии,0.03305249274620518
работать,0.03305249274620518
народный,0.03305249274620518
падала,0.03305249274620518
избирались,0.03305249274620518
перемирию,0.03305249274620518
кандидаты,0.03305249274620518
обособит,0.03305249274620518
нарушение,0.03305249274620518
группам,0.03305249274620518
посоветовался,0.03305249274620518
побережье,0.03305249274620518
важный,0.03305249274620518
изменят,0.03305249274620518
потерпят,0.03305249274620518
предыдущий,0.03305249274620518
списки,0.03305249274620518
одностороннее,0.03305249274620518
списка,0.03305249274620518
популярности,0.03305249274620518
произошла,0.03305249274620518
численность,0.03305249274620518
своя,0.03305249274620518
предстоящий,0.03305249274620518
говорит,0.03305249274620518
серьезное,0.03305249274620518
предстоит,0.03305249274620518
мандат,0.03305249274620518
вооруженное,0.03305249274620518
распрями,0.03305249274620518
списках,0.03305249274620518
будучи,0.03305249274620518
подхода,0.03305249274620518
рассматривает,0.03305249274620518
затруднительное,0.03305249274620518
сплотиться,0.03305249274620518
прерогативой,0.03305249274620518
определяет,0.03305249274620518
определяться,0.03305249274620518
опыт,0.03305249274620518
вышесказанного,0.03305249274620518
масштаб,0.03305249274620518
рассмотреть,0.03305249274620518
чтении,0.03305249274620518
говорят,0.03305249274620518
пропорциональное,0.03305249274620518
логика,0.03305249274620518
господствующей,0.03305249274620518
просьбе,0.03305249274620518
собрании,0.03305249274620518
одобрен,0.03305249274620518
включены,0.03305249274620518
личным,0.03305249274620518
ловко,0.03305249274620518
августа,0.03305249274620518
движению,0.03305249274620518
включить,0.03305249274620518
ними,0.03305249274620518
смягчении,0.03305249274620518
эту,0.03235412091657055
этого,0.03235412091657055
бы,0.03235412091657055
чем,0.03235412091657055
отсрочка,0.028503259447666858
принял,0.028503259447666858
прекрасно,0.028503259447666858
признание,0.028503259447666858
какая,0.028503259447666858
укрепляет,0.028503259447666858
начала,0.028503259447666858
поддерживает,0.028503259447666858
руку,0.028503259447666858
победы,0.028503259447666858
отношению,0.028503259447666858
поддержал,0.028503259447666858
доминирующей,0.028503259447666858
решимости,0.028503259447666858
поддерживать,0.028503259447666858
находится,0.028503259447666858
считается,0.028503259447666858
войной,0.028503259447666858
силу,0.028503259447666858
съезд,0.028503259447666858
надеется,0.028503259447666858
ооп,0.028503259447666858
соединенными,0.028503259447666858
групп,0.028503259447666858
осознает,0.028503259447666858
изменить,0.028503259447666858
следовательно,0.028503259447666858
интифады,0.028503259447666858
крыло,0.028503259447666858
десятилетия,0.028503259447666858
своем,0.028503259447666858
хотел,0.028503259447666858
коррупцией,0.028503259447666858
коррупции,0.028503259447666858
объявила,0.028503259447666858
пользу,0.028503259447666858
территориях,0.028503259447666858
зрения,0.028503259447666858
рамках,0.028503259447666858
районы,0.028503259447666858
поражение,0.028503259447666858
противоречий,0.028503259447666858
собрания,0.028503259447666858
сообщениям,0.028503259447666858
иордании,0.028503259447666858
политическим,0.028503259447666858
знает,0.028503259447666858
избирательную,0.028503259447666858
влияния,0.028503259447666858
законодательного,0.028503259447666858
законодательном,0.028503259447666858
месяца,0.028503259447666858
позицию,0.028503259447666858
месяц,0.028503259447666858
изменении,0.028503259447666858
исламистскими,0.028503259447666858
отдельные,0.028503259447666858
1994,0.028503259447666858
вступает,0.028503259447666858
избирательная,0.028503259447666858
легче,0.028503259447666858
свободные,0.028503259447666858
усугубило,0.028503259447666858
полагают,0.028503259447666858
сказал,0.028503259447666858
при,0.027851154858175554
они,0.027851154858175554
власти,0.027851154858175554
еще,0.027851154858175554
также,0.027851154858175554
так,0.027851154858175554
во,0.02589865613196063
если,0.02589865613196063
того,0.02589865613196063
две,0.0252755270553619
таким,0.0252755270553619
движение,0.0252755270553619
долгого,0.0252755270553619
па,0.0252755270553619
готовы,0.0252755270553619
найти,0.0252755270553619
сделать,0.0252755270553619
группы,0.0252755270553619
2000,0.0252755270553619
израильтянами,0.0252755270553619
соглашений,0.0252755270553619
террором,0.0252755270553619
палестинским,0.0252755270553619
перевела,0.0252755270553619
штатами,0.0252755270553619
отложить,0.0252755270553619
мирные,0.0252755270553619
системе,0.0252755270553619
парламенте,0.0252755270553619
результат,0.0252755270553619
ответ,0.0252755270553619
резко,0.0252755270553619
партии,0.0252755270553619
национального,0.0252755270553619
привело,0.0252755270553619
ираке,0.0252755270553619
палестины,0.0252755270553619
поддерживают,0.0252755270553619
основных,0.0252755270553619
состоянии,0.0252755270553619
аббасом,0.0252755270553619
новые,0.0252755270553619
осло,0.0252755270553619
первоначально,0.0252755270553619
руководителей,0.0252755270553619
демократии,0.0252755270553619
которую,0.0252755270553619
ходом,0.0252755270553619
странах,0.0252755270553619
никто,0.0252755270553619
ажар,0.0252755270553619
время,0.02410253141606285
он,0.02410253141606285
над,0.02277190330650435
палестинского,0.02277190330650435
переговоры,0.02277190330650435
мхаймар,0.02277190330650435
европы,0.02277190330650435
сащенкова,0.02277190330650435
ей,0.02277190330650435
мере,0.02277190330650435
политике,0.02277190330650435
западном,0.02277190330650435
политического,0.02277190330650435
хорошо,0.02277190330650435
политологии,0.02277190330650435
среди,0.02277190330650435
английского,0.02277190330650435
целью,0.02277190330650435
положение,0.02277190330650435
оружие,0.02277190330650435
которому,0.02277190330650435
которых,0.02277190330650435
крайней,0.02277190330650435
абусада,0.02277190330650435
штаты,0.02277190330650435
mkhaimar,0.02277190330650435
профессор,0.02277190330650435
последние,0.02277190330650435
abusada,0.02277190330650435
два,0.02277190330650435
соединенные,0.02277190330650435
образом,0.02277190330650435
языка,0.02277190330650435
конце,0.02277190330650435
связи,0.02277190330650435
большинство,0.02277190330650435
признать,0.02277190330650435
университете,0.02277190330650435
стать,0.02277190330650435
поддержка,0.02277190330650435
конечном,0.02277190330650435
многих,0.02277190330650435
ближнего,0.02277190330650435
востока,0.02277190330650435
счете,0.02277190330650435
позиции,0.02277190330650435
независимо,0.02277190330650435
второй,0.02277190330650435
ирина,0.02277190330650435
для,0.022439579670686396
новую,0.020726293756823586
потому,0.020726293756823586
убедить,0.020726293756823586
тех,0.020726293756823586
нужно,0.020726293756823586
кто,0.020726293756823586
есть,0.020726293756823586
поскольку,0.020726293756823586
регионе,0.020726293756823586
силой,0.020726293756823586
частью,0.020726293756823586
хочет,0.020726293756823586
видимому,0.020726293756823586
выбор,0.020726293756823586
особенно,0.020726293756823586
политики,0.020726293756823586
своего,0.020726293756823586
поэтому,0.01899675552618647
всем,0.01899675552618647
уже,0.01899675552618647
населения,0.01899675552618647
ему,0.01899675552618647
вопрос,0.01749856136451863
лет,0.01749856136451863
возможность,0.01749856136451863
станет,0.01749856136451863
им,0.01749856136451863
ни,0.01749856136451863
об,0.01749856136451863
хотя,0.01749856136451863
свои,0.01749856136451863
будут,0.01749856136451863
президента,0.016177060458285274
всех,0.016177060458285274
она,0.016177060458285274
аль,0.016177060458285274
между,0.014994937615661076
других,0.014994937615661076
больше,0.014994937615661076
этом,0.013925577429087777
до,0.013925577429087777
ли,0.013925577429087777
этот,0.013925577429087777
том,0.013925577429087777
только,0.012949328065980314
от,0.012051265708031425
чтобы,0.012051265708031425
может,0.011219789835343198
института,0.0
косово,0.0
инстанция,0.0
косовский,0.0
инициативой,0.0
косова,0.0
инстанции,0.0
институте,0.0
которым,0.0
иностранной,0.0
инвестиций,0.0
косовскому,0.0
инициативы,0.0
котором,0.0
инженером,0.0
который,0.0
косовцев,0.0
костуница,0.0
которые,0.0
индией,0.0
костунице,0.0
интеллектуалам,0.0
которая,0.0
индийские,0.0
которого,0.0
индонезия,0.0
индустриальный,0.0
инициатив,0.0
инициативам,0.0
коррупцию,0.0
косвенным,0.0
интеллектуалы,0.0
координировать,0.0
информации,0.0
информационный,0.0
информация,0.0
инфраструктуры,0.0
координатором,0.0
ирака,0.0
ираком,0.0
концу,0.0
концов,0.0
иракские,0.0
иракским,0.0
конца,0.0
конфронтации,0.0
конфликтом,0.0
иракских,0.0
конфликтовать,0.0
корее,0.0
интриги,0.0
кормят,0.0
интерес,0.0
интеллигенции,0.0
интеллигенцию,0.0
коштуницу,0.0
интенсивную,0.0
интервенцию,0.0
коррумпированных,0.0
коррумпированной,0.0
интересно,0.0
король,0.0
интересы,0.0
интернет,0.0
короткой,0.0
коротким,0.0
интерпретировал,0.0
интифаде,0.0
интифаду,0.0
коштуница,0.0
кратковременность,0.0
кражи,0.0
крупные,0.0
кстати,0.0
ксавьер,0.0
измеряться,0.0
изобилующей,0.0
изоляторах,0.0
изоляции,0.0
крыла,0.0
израиль,0.0
изменился,0.0
израильская,0.0
израильский,0.0
израильских,0.0
израильско,0.0
израильского,0.0
израильское,0.0
израильской,0.0
изменит,0.0
изменившиеся,0.0
крайне,0.0
изгнанию,0.0
курдскими,0.0
курдский,0.0
курдистана,0.0
изгнании,0.0
культуры,0.0
культурные,0.0
культура,0.0
издания,0.0
изменив,0.0
кувейтом,0.0
изданный,0.0
издательстве,0.0
куассамитки,0.0
издательством,0.0
изменений,0.0
изменения,0.0
израильтян,0.0
израильтянам,0.0
израильтяне,0.0
иначе,0.0
критику,0.0
криминалистов,0.0
имеющие,0.0
ими,0.0
имя,0.0
кризисом,0.0
кризисной,0.0
кремля,0.0
израиля,0.0
кремль,0.0
конфликтов,0.0
кратковременная,0.0
красноречиво,0.0
красиво,0.0
крайности,0.0
инвестиции,0.0
критической,0.0
имеют,0.0
кровопролития,0.0
иметь,0.0
крупномасштабного,0.0
изриальский,0.0
или,0.0
иллюзий,0.0
имада,0.0
крупного,0.0
имевшего,0.0
имеет,0.0
кругов,0.0
круге,0.0
именем,0.0
кругам,0.0
имени,0.0
кроме,0.0
именно,0.0
иракской,0.0
клики,0.0
конфликте,0.0
иран,0.0
калифорнийская,0.0
компанию,0.0
калифорния,0.0
коммунальных,0.0
камер,0.0
камерах,0.0
камере,0.0
камеры,0.0
комментаторы,0.0
кампанию,0.0
кампания,0.0
комментатор,0.0
комментарии,0.0
канаде,0.0
комитеты,0.0
кандидата,0.0
каплей,0.0
компаниями,0.0
калифорнии,0.0
компенсации,0.0
компромиссы,0.0
каждом,0.0
конечно,0.0
конец,0.0
кажется,0.0
казалось,0.0
кондолизой,0.0
каида,0.0
компромиссов,0.0
какой,0.0
компромисс,0.0
каиды,0.0
какие,0.0
каким,0.0
компонент,0.0
комплекс,0.0
какого,0.0
карнеги,0.0
кури,0.0
комитета,0.0
китая,0.0
количество,0.0
количествах,0.0
колеса,0.0
кого,0.0
китае,0.0
когда,0.0
китай,0.0
коалицию,0.0
коллег,0.0
кланов,0.0
класса,0.0
коалиции,0.0
книги,0.0
классификации,0.0
клубов,0.0
клубах,0.0
количеством,0.0
кипр,0.0
карт,0.0
командные,0.0
картер,0.0
комитет,0.0
карту,0.0
касается,0.0
категорически,0.0
качестве,0.0
кашмире,0.0
колыбель,0.0
коллегам,0.0
квазигосударство,0.0
колыбели,0.0
колоссальные,0.0
квартир,0.0
кеннеди,0.0
кепель,0.0
километров,0.0
конкурента,0.0
каждая,0.0
каеды,0.0
испания,0.0
исламский,0.0
контрольный,0.0
контроль,0.0
контролирует,0.0
контролируемых,0.0
исламских,0.0
исламу,0.0
контролируемые,0.0
контроля,0.0
исполнение,0.0
контролируемой,0.0
исполнению,0.0
контролировать,0.0
контролем,0.0
исполнительного,0.0
контексте,0.0
исламисты,0.0
конференцией,0.0
исполнять,0.0
искать,0.0
ирана,0.0
иране,0.0
ираном,0.0
иранскому,0.0
ирану,0.0
ирония,0.0
конфликта,0.0
конфликт,0.0
исламистский,0.0
конференции,0.0
исключает,0.0
исключительно,0.0
искусно,0.0
исламистами,0.0
исламистов,0.0
исламистская,0.0
контакты,0.0
использовать,0.0
кавказе,0.0
исход,0.0
конституцией,0.0
историческое,0.0
исторической,0.0
источников,0.0
консенсусу,0.0
консенсуса,0.0
конкуренты,0.0
конкурентов,0.0
конституционного,0.0
италию,0.0
италия,0.0
ифтихара,0.0
их,0.0
июле,0.0
июня,0.0
кабинете,0.0
конституции,0.0
истории,0.0
контактную,0.0
консультативный,0.0
использует,0.0
контактной,0.0
контактная,0.0
используя,0.0
контакт,0.0
испытанием,0.0
исследованиям,0.0
консультативные,0.0
истины,0.0
консультативного,0.0
конструктивной,0.0
конституционные,0.0
конституционную,0.0
исследователей,0.0
иссякло,0.0
истерзанной,0.0
курдского,0.0
ящик,0.0
курса,0.0
негласных,0.0
недостатков,0.0
недовольные,0.0
недоверие,0.0
недель,0.0
недели,0.0
неделе,0.0
недвусмысленное,0.0
недавний,0.0
недавнем,0.0
негосударственных,0.0
негодование,0.0
него,0.0
негативный,0.0
независимого,0.0
невозможным,0.0
невозможно,0.0
невниманию,0.0
невинный,0.0
небольшого,0.0
небольших,0.0
нашу,0.0
нашем,0.0
нашей,0.0
нашего,0.0
наша,0.0
начнется,0.0
нежелательная,0.0
независимое,0.0
начинаются,0.0
ней,0.0
нем,0.0
нельзя,0.0
нелепо,0.0
нелегко,0.0
нелегкие,0.0
некоторых,0.0
некоторые,0.0
некоторую,0.0
некоторая,0.0
некомпетентность,0.0
некоммерческой,0.0
нейтрализации,0.0
неизбежное,0.0
независимой,0.0
незначительные,0.0
незначительной,0.0
незнакомую,0.0
незаконным,0.0
незаконные,0.0
незаконное,0.0
независимых,0.0
независимыми,0.0
независимые,0.0
независимую,0.0
независимость,0.0
независимости,0.0
начиная,0.0
начать,0.0
ненависть,0.0
наследием,0.0
настроенных,0.0
настроения,0.0
настроение,0.0
настоящую,0.0
настоящей,0.0
настоящее,0.0
настоятельно,0.0
настоял,0.0
настаивают,0.0
настаивать,0.0
настаивала,0.0
наслоения,0.0
насколько,0.0
наступил,0.0
насилия,0.0
насилием,0.0
насилие,0.0
населенность,0.0
населенного,0.0
население,0.0
нас,0.0
народом,0.0
народов,0.0
народное,0.0
народа,0.0
народ,0.0
настроены,0.0
наступило,0.0
началось,0.0
националистических,0.0
началом,0.0
начало,0.0
начались,0.0
начали,0.0
начале,0.0
начал,0.0
нацию,0.0
национальный,0.0
национальном,0.0
национальной,0.0
националистическом,0.0
националистической,0.0
национализма,0.0
наступление,0.0
национализм,0.0
нации,0.0
находящемся,0.0
находящейся,0.0
находящееся,0.0
находятся,0.0
находился,0.0
находилось,0.0
научным,0.0
научный,0.0
нато,0.0
насущные,0.0
немного,0.0
необходимо,0.0
лайон,0.0
нуром,0.0
обеспечивает,0.0
обеспечения,0.0
обеспечение,0.0
обернется,0.0
обе,0.0
обвинениям,0.0
обвинению,0.0
обвинений,0.0
нынешний,0.0
нынешнему,0.0
нынешней,0.0
нынешнее,0.0
нура,0.0
обещали,0.0
ноября,0.0
ночлег,0.0
нормализовать,0.0
норм,0.0
новых,0.0
новыми,0.0
новым,0.0
новый,0.0
новообразованное,0.0
новому,0.0
новом,0.0
новой,0.0
обеспечить,0.0
обещанию,0.0
нового,0.0
образование,0.0
обстоятельств,0.0
обстановку,0.0
обречены,0.0
обретет,0.0
обрекая,0.0
обращается,0.0
обратном,0.0
обратить,0.0
обратился,0.0
обратили,0.0
образующих,0.0
образования,0.0
образовалось,0.0
обещания,0.0
образа,0.0
образ,0.0
обороны,0.0
обойтись,0.0
обозримом,0.0
обмен,0.0
облегчили,0.0
облегчать,0.0
областями,0.0
обладающего,0.0
обладают,0.0
обзоре,0.0
новое,0.0
новая,0.0
необходимого,0.0
неотмеченными,0.0
неприятия,0.0
непримиримости,0.0
неприемлемым,0.0
неприемлемо,0.0
неприемлема,0.0
непрерывным,0.0
непрерывной,0.0
непреклонной,0.0
неправильно,0.0
непостоянных,0.0
непоследовательными,0.0
неофициально,0.0
неотложная,0.0
нескольких,0.0
неотделимую,0.0
неорганизованным,0.0
неопределенность,0.0
неопределенности,0.0
неодобрительно,0.0
неоднократно,0.0
неоднозначными,0.0
необходимых,0.0
необходимыми,0.0
необходимым,0.0
необходимы,0.0
необходимость,0.0
несколькими,0.0
несмотря,0.0
нищеты,0.0
нефть,0.0
ничуть,0.0
ничего,0.0
них,0.0
никого,0.0
никогда,0.0
никакой,0.0
никакого,0.0
никакая,0.0
никак,0.0
низком,0.0
нибудь,0.0
нечто,0.0
неуправляемым,0.0
несомненно,0.0
неудачу,0.0
нетрезвом,0.0
нет,0.0
нестабильность,0.0
нестабильности,0.0
нестабильном,0.0
нестабильной,0.0
нестабильное,0.0
нестабильного,0.0
несправедливости,0.0
неспособность,0.0
неспокойной,0.0
наркотиков,0.0
наркотиками,0.0
наркоманов,0.0
международная,0.0
мелких,0.0
мелкие,0.0
межобщинной,0.0
международных,0.0
международным,0.0
международный,0.0
международную,0.0
международному,0.0
международном,0.0
международной,0.0
международное,0.0
международного,0.0
махмуд,0.0
менее,0.0
махинации,0.0
масштабах,0.0
массовый,0.0
массовое,0.0
массового,0.0
массированную,0.0
маской,0.0
маршалла,0.0
мартти,0.0
марти,0.0
марте,0.0
марокко,0.0
мелкое,0.0
менструация,0.0
манёвр,0.0
мечтал,0.0
минуту,0.0
минут,0.0
министра,0.0
министр,0.0
министерством,0.0
минимум,0.0
миллионов,0.0
миллиона,0.0
миллион,0.0
миллиардов,0.0
милицией,0.0
миг,0.0
месяцы,0.0
меньше,0.0
месяцев,0.0
месяце,0.0
местом,0.0
место,0.0
местными,0.0
месте,0.0
местах,0.0
меры,0.0
меня,0.0
меньшинства,0.0
меньшинств,0.0
извлекла,0.0
марван,0.0
манеру,0.0
наркоман,0.0
лидера,0.0
лишенных,0.0
лишения,0.0
лишением,0.0
лицом,0.0
лицо,0.0
лица,0.0
лихорадочно,0.0
ликвидация,0.0
лидерство,0.0
лидерские,0.0
лидером,0.0
лидеров,0.0
лидер,0.0
лишить,0.0
ливии,0.0
ливана,0.0
либо,0.0
либерализацию,0.0
лейтенант,0.0
лежат,0.0
легко,0.0
легитимности,0.0
легитимное,0.0
легендарного,0.0
легальную,0.0
леверетт,0.0
лишены,0.0
лишь,0.0
мамун,0.0
любую,0.0
маловероятно,0.0
мало,0.0
максимальную,0.0
макиавеллистические,0.0
македония,0.0
македонии,0.0
май,0.0
мазен,0.0
люди,0.0
людей,0.0
любых,0.0
любые,0.0
любом,0.0
лишённые,0.0
любой,0.0
любое,0.0
любого,0.0
любая,0.0
лояльны,0.0
лояльной,0.0
лос,0.0
лондонским,0.0
лозунгов,0.0
ложных,0.0
лоббистами,0.0
лишённых,0.0
мир,0.0
мира,0.0
мире,0.0
назначению,0.0
наладить,0.0
наконец,0.0
наказаний,0.0
наказание,0.0
найдет,0.0
наивна,0.0
наибольшей,0.0
наиболее,0.0
называет,0.0
называемых,0.0
назовёшь,0.0
назначенных,0.0
названием,0.0
налогообложения,0.0
назвал,0.0
назад,0.0
надо,0.0
надзором,0.0
надеяться,0.0
надеются,0.0
надежды,0.0
надежду,0.0
надеждой,0.0
надежде,0.0
нагнетания,0.0
навязать,0.0
налаживания,0.0
налогоплательщикам,0.0
мирного,0.0
напоминающем,0.0
напряжённой,0.0
напряжения,0.0
напротив,0.0
например,0.0
направленных,0.0
направленным,0.0
направленные,0.0
направленную,0.0
направление,0.0
направлен,0.0
направит,0.0
напомнить,0.0
написанный,0.0
намерение,0.0
написала,0.0
нападками,0.0
нападений,0.0
нападавших,0.0
напав,0.0
наоборот,0.0
нанесла,0.0
нанесения,0.0
нанесение,0.0
нами,0.0
намерения,0.0
намерении,0.0
набрать,0.0
наблюдателя,0.0
наблюдательную,0.0
многими,0.0
моих,0.0
можно,0.0
можем,0.0
модернизации,0.0
могут,0.0
могло,0.0
могли,0.0
мог,0.0
мобилизуется,0.0
множащихся,0.0
многочисленными,0.0
много,0.0
многим,0.0
наблюдатели,0.0
многие,0.0
мнением,0.0
мнение,0.0
мишенью,0.0
мишени,0.0
миссию,0.0
миссии,0.0
миру,0.0
мировоззрению,0.0
мирового,0.0
мирных,0.0
мирное,0.0
молодая,0.0
молодого,0.0
молодой,0.0
молодом,0.0
мы,0.0
мушаррафу,0.0
мушаррафом,0.0
мушаррафа,0.0
мушарраф,0.0
мучений,0.0
мухаммеда,0.0
мухамед,0.0
мусульманскую,0.0
мусульманском,0.0
мусульманской,0.0
мусульманских,0.0
мустафы,0.0
муниципальных,0.0
мужского,0.0
мощью,0.0
мошенничество,0.0
мошенническим,0.0
мохамед,0.0
мортон,0.0
момент,0.0
молчаливого,0.0
молчаливо,0.0
молодых,0.0
молодые,0.0
извлечь,0.0
занимающиеся,0.0
известных,0.0
взглядах,0.0
виновным,0.0
виду,0.0
видимости,0.0
видеоинтервью,0.0
вид,0.0
взяла,0.0
взял,0.0
взрывы,0.0
взрывов,0.0
взорвал,0.0
взор,0.0
взломом,0.0
взгляды,0.0
взвалить,0.0
виселицу,0.0
взаимопонимания,0.0
взаимопониманию,0.0
взаимного,0.0
вето,0.0
весь,0.0
вести,0.0
верховный,0.0
верховного,0.0
верховенства,0.0
верх,0.0
версия,0.0
вероятностью,0.0
вероятность,0.0
вину,0.0
висит,0.0
внутри,0.0
вместо,0.0
внутренних,0.0
внутренние,0.0
внутренней,0.0
вносит,0.0
вновь,0.0
внимания,0.0
внимание,0.0
внешностью,0.0
внешней,0.0
вне,0.0
вмешиваются,0.0
вмешательство,0.0
вмешательстве,0.0
вместе,0.0
вице,0.0
вложил,0.0
влиянием,0.0
влияние,0.0
вливаний,0.0
влечет,0.0
властями,0.0
власть,0.0
властных,0.0
властей,0.0
вкупе,0.0
включая,0.0
включающие,0.0
включающая,0.0
вероятно,0.0
верность,0.0
верно,0.0
брукингса,0.0
была,0.0
бывшую,0.0
бывшим,0.0
бывший,0.0
бывшего,0.0
бхутто,0.0
бушем,0.0
буш,0.0
буйное,0.0
будущем,0.0
будущее,0.0
будущего,0.0
брукингском,0.0
брошенный,0.0
верна,0.0
бросить,0.0
бросилась,0.0
бросила,0.0
бросают,0.0
босния,0.0
боснийской,0.0
боснии,0.0
борьбы,0.0
борьбу,0.0
борьбе,0.0
борьба,0.0
бороться,0.0
борется,0.0
было,0.0
быстро,0.0
быть,0.0
бюджета,0.0
верит,0.0
вереницей,0.0
вербовку,0.0
венские,0.0
вене,0.0
великое,0.0
великобританию,0.0
великобритании,0.0
велики,0.0
великая,0.0
ведь,0.0
ведущих,0.0
ведомства,0.0
ведением,0.0
вдвойне,0.0
ввел,0.0
введенную,0.0
введении,0.0
вашингтоне,0.0
ваннус,0.0
важных,0.0
важным,0.0
важную,0.0
важное,0.0
важнее,0.0
важна,0.0
бюллетень,0.0
внутреннюю,0.0
внушительного,0.0
больших,0.0
вошли,0.0
всему,0.0
всей,0.0
всего,0.0
всегда,0.0
всевозможным,0.0
временного,0.0
времен,0.0
вредоносными,0.0
вред,0.0
вполне,0.0
впечатляющи,0.0
впечатление,0.0
впервые,0.0
вот,0.0
всенародной,0.0
восьми,0.0
восточным,0.0
восточном,0.0
востоку,0.0
востоке,0.0
восстановлении,0.0
восстановить,0.0
восстановило,0.0
восстаниями,0.0
восстания,0.0
воспроизводят,0.0
воспринимает,0.0
воспрепятствовал,0.0
всенародное,0.0
вспышке,0.0
вовлекается,0.0
входят,0.0
вызвали,0.0
вызвала,0.0
выживание,0.0
выделки,0.0
выдворить,0.0
выдвинуться,0.0
выдвинувший,0.0
выдвигать,0.0
выгоду,0.0
выбранное,0.0
выбрали,0.0
выбрал,0.0
выборам,0.0
входит,0.0
встретили,0.0
вторая,0.0
всё,0.0
всячески,0.0
всю,0.0
вступления,0.0
вступлению,0.0
вступление,0.0
вступить,0.0
встречу,0.0
встречи,0.0
встрече,0.0
встреча,0.0
встретились,0.0
воспользоваться,0.0
воспользовавшись,0.0
вопросы,0.0
возглавляемом,0.0
возобновят,0.0
возобновлению,0.0
возможным,0.0
возможности,0.0
возможностей,0.0
возможном,0.0
возможно,0.0
возможна,0.0
возместить,0.0
воздержаться,0.0
возглавляющей,0.0
возглавлял,0.0
возглавляемую,0.0
возглавляемое,0.0
вопросу,0.0
возвращение,0.0
возводить,0.0
возведен,0.0
вождение,0.0
военных,0.0
военным,0.0
военный,0.0
военные,0.0
военную,0.0
военной,0.0
военное,0.0
военного,0.0
военная,0.0
возрастающей,0.0
возрасте,0.0
возросла,0.0
возьмет,0.0
вопросом,0.0
вопросов,0.0
вопросами,0.0
вопроса,0.0
вооружённые,0.0
вооружено,0.0
вооруженные,0.0
вооруженную,0.0
вооруженной,0.0
воодушевлённая,0.0
вообще,0.0
воображаемую,0.0
волоске,0.0
волнует,0.0
волну,0.0
воли,0.0
волевым,0.0
войслав,0.0
войска,0.0
войск,0.0
войны,0.0
войну,0.0
войне,0.0
война,0.0
воислав,0.0
воинственных,0.0
воинственными,0.0
большого,0.0
большим,0.0
вызов,0.0
абу,0.0
администрации,0.0
административного,0.0
адекватную,0.0
агрессию,0.0
авторское,0.0
авторитет,0.0
автор,0.0
автомобиля,0.0
автомобилей,0.0
автобиографии,0.0
австрия,0.0
августе,0.0
абхазии,0.0
абсолютное,0.0
администрациях,0.0
абрамский,0.0
абрамович,0.0
абрамовиц,0.0
абдулы,0.0
абдулхамид,0.0
абдула,0.0
абдул,0.0
абделя,0.0
аббы,0.0
аббасу,0.0
www,0.0
time,0.0
the,0.0
администраций,0.0
азиза,0.0
аморфную,0.0
амар,0.0
аммар,0.0
америкой,0.0
америке,0.0
американцев,0.0
американцами,0.0
американскую,0.0
американского,0.0
американских,0.0
американский,0.0
америка,0.0
амбициозных,0.0
амбициозного,0.0
амбиций,0.0
альянс,0.0
азхар,0.0
альтернативы,0.0
альтернатив,0.0
аллах,0.0
али,0.0
албанцы,0.0
алавитского,0.0
активность,0.0
активисты,0.0
активистов,0.0
активистам,0.0
активист,0.0
активизации,0.0
айманом,0.0
tharwaproject,0.0
tharwa,0.0
syria,0.0
1996,0.0
30,0.0
28,0.0
25,0.0
2100,0.0
21,0.0
2007,0.0
2006,0.0
2005,0.0
2004,0.0
2002,0.0
2001,0.0
20,0.0
1999,0.0
1993,0.0
syndicate,0.0
1991,0.0
1990,0.0
1988,0.0
1987,0.0
1980,0.0
1979,0.0
1973,0.0
1960,0.0
15,0.0
132,0.0
1244,0.0
12,0.0
11,0.0
326,0.0
35,0.0
40,0.0
400,0.0
st,0.0
sasha,0.0
project,0.0
press,0.0
orgперевела,0.0
org,0.0
martins,0.0
isi,0.0
hard,0.0
foundation,0.0
february,0.0
copyright,0.0
com,0.0
century,0.0
blues,0.0
ammar,0.0
all4syria,0.0
all,0.0
abramsky,0.0
abdulhamid,0.0
96,0.0
90,0.0
76,0.0
7000,0.0
70,0.0
60,0.0
54,0.0
аморальное,0.0
аналитик,0.0
больший,0.0
безуспешно,0.0
беспрецедентным,0.0
беспорядок,0.0
беспокоят,0.0
беспокойного,0.0
бесплатное,0.0
берегу,0.0
берега,0.0
беназир,0.0
белом,0.0
белграде,0.0
белграда,0.0
бейруте,0.0
бейкер,0.0
безусловно,0.0
бесчисленные,0.0
безрезультатными,0.0
безработицы,0.0
безработицей,0.0
безопасный,0.0
безопасность,0.0
безопасности,0.0
безобразий,0.0
беззакония,0.0
беззаконие,0.0
безболезненная,0.0
без,0.0
беженцев,0.0
бедных,0.0
бессовестно,0.0
бетонные,0.0
аналогичной,0.0
близнецы,0.0
большем,0.0
большей,0.0
большее,0.0
большая,0.0
больных,0.0
болезненным,0.0
более,0.0
бойкотирует,0.0
боевой,0.0
боевиков,0.0
богатство,0.0
блок,0.0
блоггер,0.0
ближнему,0.0
билли,0.0
ближнем,0.0
ближневосточных,0.0
ближневосточном,0.0
ближневосточной,0.0
ближе,0.0
ближайшие,0.0
бланш,0.0
благотворительные,0.0
благосостояния,0.0
благосостояние,0.0
благословения,0.0
благоразумный,0.0
бин,0.0
бедностью,0.0
бедности,0.0
бедних,0.0
арабского,0.0
армейского,0.0
ариеля,0.0
аресты,0.0
арестом,0.0
арестовали,0.0
арестов,0.0
ареста,0.0
арене,0.0
аргументы,0.0
арафата,0.0
арафат,0.0
арабы,0.0
арабском,0.0
арабских,0.0
башер,0.0
арабский,0.0
арабские,0.0
арабски,0.0
арабо,0.0
апреле,0.0
антизападные,0.0
аннаполисе,0.0
анджелесе,0.0
английском,0.0
англии,0.0
анархия,0.0
анархией,0.0
аналогичному,0.0
армии,0.0
армию,0.0
армия,0.0
аспекты,0.0
башара,0.0
башар,0.0
баргхути,0.0
бандитской,0.0
банде,0.0
бандами,0.0
балканы,0.0
балканских,0.0
балканские,0.0
балканах,0.0
балканам,0.0
базируется,0.0
баасистского,0.0
баасистам,0.0
аэропорту,0.0
ахтисаари,0.0
ахмед,0.0
ахмада,0.0
афроамериканцев,0.0
афганистаном,0.0
афганистане,0.0
аудиторией,0.0
атаки,0.0
ассоциациям,0.0
ассамблеи,0.0
ассада,0.0
ассад,0.0
вызвать,0.0
вызовет,0.0
известный,0.0
жесткая,0.0
жизнью,0.0
жизнь,0.0
жизни,0.0
жизнеспособности,0.0
жизнеспособного,0.0
жизненно,0.0
живым,0.0
живы,0.0
живет,0.0
жестокими,0.0
жесток,0.0
жесткого,0.0
жестко,0.0
жертвой,0.0
жини,0.0
жертв,0.0
женщины,0.0
женщин,0.0
жена,0.0
желают,0.0
желали,0.0
желает,0.0
же,0.0
жак,0.0
её,0.0
ещё,0.0
ес,0.0
ельцинской,0.0
жиль,0.0
жителей,0.0
заключенные,0.0
задачи,0.0
заключение,0.0
заключать,0.0
заключается,0.0
заканчивая,0.0
заинтересованы,0.0
заид,0.0
заигрывает,0.0
задушить,0.0
задуматься,0.0
задержка,0.0
задержать,0.0
задержании,0.0
задворки,0.0
задачей,0.0
жители,0.0
заголовки,0.0
завоевать,0.0
зависит,0.0
зависеть,0.0
заверения,0.0
забота,0.0
заблуждения,0.0
заблуждение,0.0
заблокировать,0.0
заблокирован,0.0
забвению,0.0
журналистов,0.0
жить,0.0
ельцина,0.0
ее,0.0
единство,0.0
домыслов,0.0
дотянуться,0.0
достичь,0.0
достижениями,0.0
достижению,0.0
достижение,0.0
достигли,0.0
достигает,0.0
достаточно,0.0
дословный,0.0
доработок,0.0
допустить,0.0
дополнительных,0.0
дополнительное,0.0
доме,0.0
единственным,0.0
долю,0.0
долларов,0.0
должны,0.0
должность,0.0
должности,0.0
должно,0.0
должна,0.0
должен,0.0
долетать,0.0
долгое,0.0
долгим,0.0
долг,0.0
документа,0.0
доходить,0.0
доходы,0.0
дочь,0.0
драматург,0.0
единственный,0.0
единственного,0.0
единства,0.0
едином,0.0
единой,0.0
едва,0.0
египта,0.0
египетский,0.0
евросоюза,0.0
евросоюз,0.0
европой,0.0
европейского,0.0
европейские,0.0
европе,0.0
европа,0.0
дюйм,0.0
души,0.0
душевно,0.0
думая,0.0
думают,0.0
думать,0.0
друзья,0.0
дружественными,0.0
другой,0.0
другими,0.0
другие,0.0
дрейф,0.0
заключения,0.0
заключенный,0.0
докладе,0.0
землей,0.0
значения,0.0
значению,0.0
значение,0.0
знаниями,0.0
знаменитое,0.0
знаем,0.0
злостных,0.0
зия,0.0
зените,0.0
зенита,0.0
землякам,0.0
земли,0.0
землетрясение,0.0
земле,0.0
значительна,0.0
здравоохранения,0.0
здесь,0.0
зданий,0.0
заявляя,0.0
заявляют,0.0
заявлять,0.0
заявляли,0.0
заявляет,0.0
заявление,0.0
заявил,0.0
защищая,0.0
защищавший,0.0
защиты,0.0
значимым,0.0
значительно,0.0
заключенных,0.0
идея,0.0
известные,0.0
известностью,0.0
известном,0.0
избранным,0.0
избранное,0.0
избрания,0.0
избран,0.0
избиениями,0.0
изберут,0.0
избежания,0.0
иерусалимом,0.0
иерусалиме,0.0
иерусалима,0.0
идею,0.0
значительной,0.0
идеологической,0.0
идее,0.0
игры,0.0
играют,0.0
игр,0.0
игнорировать,0.0
ибрагим,0.0
зульфикара,0.0
зубов,0.0
зрелых,0.0
значительных,0.0
значительным,0.0
значительный,0.0
защиту,0.0
защитную,0.0
защитник,0.0
заместителем,0.0
занимающее,0.0
заниматься,0.0
занимали,0.0
занимается,0.0
замешательство,0.0
замешательстве,0.0
замешано,0.0
замешанные,0.0
заметным,0.0
заметный,0.0
заметной,0.0
заметил,0.0
заместитель,0.0
замалчивается,0.0
защитить,0.0
заложниках,0.0
закрытии,0.0
закрытие,0.0
закрывать,0.0
закрепляет,0.0
закончилась,0.0
закону,0.0
законодатели,0.0
законов,0.0
законны,0.0
законной,0.0
законно,0.0
закона,0.0
обстоятельствах,0.0
занимая,0.0
занятую,0.0
занять,0.0
защите,0.0
защита,0.0
захотят,0.0
захар,0.0
затем,0.0
застряв,0.0
застоя,0.0
заставить,0.0
заставит,0.0
заставили,0.0
заслуга,0.0
заселенность,0.0
заручился,0.0
зарабатывает,0.0
запугивания,0.0
запрятанная,0.0
заплатить,0.0
запланированных,0.0
запланированной,0.0
западу,0.0
западом,0.0
западных,0.0
западный,0.0
западные,0.0
западного,0.0
запада,0.0
запад,0.0
доклады,0.0
доклад,0.0
вызывает,0.0
горькая,0.0
государством,0.0
государство,0.0
государственную,0.0
государственное,0.0
государственного,0.0
государстве,0.0
государствами,0.0
государствам,0.0
государства,0.0
государств,0.0
госсекретаря,0.0
госсекретарь,0.0
госсекретарем,0.0
городом,0.0
грабежей,0.0
городов,0.0
городе,0.0
горами,0.0
голосовать,0.0
голосование,0.0
голанских,0.0
годы,0.0
году,0.0
годах,0.0
годами,0.0
года,0.0
год,0.0
говоря,0.0
готов,0.0
граждан,0.0
дало,0.0
грузия,0.0
далеки,0.0
далее,0.0
даже,0.0
давят,0.0
давно,0.0
давала,0.0
да,0.0
гулаг,0.0
гул,0.0
группу,0.0
группировок,0.0
группами,0.0
группа,0.0
грузии,0.0
граждане,0.0
греция,0.0
грехи,0.0
граффити,0.0
граничащие,0.0
границу,0.0
границе,0.0
границ,0.0
гражданскому,0.0
гражданского,0.0
гражданских,0.0
гражданским,0.0
гражданский,0.0
гражданина,0.0
говорится,0.0
глубоко,0.0
глазах,0.0
выпустить,0.0
высшее,0.0
выступлении,0.0
выступление,0.0
выступала,0.0
высот,0.0
высокопоставленные,0.0
высокие,0.0
высказываться,0.0
высказывает,0.0
высадить,0.0
вырос,0.0
выразился,0.0
выработал,0.0
выпустили,0.0
глаза,0.0
выполнить,0.0
вынужденный,0.0
вынудила,0.0
выносить,0.0
вынесены,0.0
вынесено,0.0
вынесенный,0.0
вынесен,0.0
вымогательство,0.0
вылиться,0.0
выкорчевать,0.0
выйти,0.0
вызывающее,0.0
высшем,0.0
высшие,0.0
выход,0.0
выше,0.0
главой,0.0
главных,0.0
главным,0.0
главный,0.0
главную,0.0
главной,0.0
главного,0.0
главная,0.0
главенства,0.0
глав,0.0
героин,0.0
германию,0.0
германии,0.0
генерала,0.0
генерал,0.0
гегемона,0.0
где,0.0
гг,0.0
гвардия,0.0
гвардию,0.0
гвардии,0.0
гвардией,0.0
гарвардском,0.0
гарантировать,0.0
газы,0.0
газетные,0.0
гааге,0.0
далеко,0.0
дальнейшее,0.0
доказательство,0.0
джонсона,0.0
дипломатические,0.0
динамику,0.0
динамики,0.0
дилеммой,0.0
диктатура,0.0
диктату,0.0
диктаторских,0.0
диктаторский,0.0
диктата,0.0
диалога,0.0
диалог,0.0
диалекту,0.0
джорджем,0.0
джон,0.0
дипломатическое,0.0
джихад,0.0
джимми,0.0
дженгизхан,0.0
джеймс,0.0
джазира,0.0
деятельность,0.0
деятельности,0.0
деятели,0.0
деятелей,0.0
десять,0.0
десятков,0.0
десятилетий,0.0
десятилетие,0.0
дипломатических,0.0
дипломатическую,0.0
дальнейшие,0.0
добровольном,0.0
дойти,0.0
дожности,0.0
договорённостей,0.0
договоренностями,0.0
договоренность,0.0
довольно,0.0
доводы,0.0
доверия,0.0
довелось,0.0
доведённых,0.0
добьются,0.0
доброй,0.0
добровольный,0.0
добиться,0.0
дипломатично,0.0
добился,0.0
добились,0.0
добившись,0.0
дня,0.0
длительные,0.0
длинее,0.0
длившиеся,0.0
дисциплинированны,0.0
диссидентов,0.0
диссидент,0.0
дискуссию,0.0
дискуссионных,0.0
директором,0.0
дестабилизирует,0.0
дестабилизации,0.0
держит,0.0
движении,0.0
действительно,0.0
действий,0.0
действие,0.0
деиф,0.0
дезориентированный,0.0
дебаты,0.0
дебатов,0.0
двух,0.0
двусторонние,0.0
двусторонней,0.0
двупартийной,0.0
двумя,0.0
движений,0.0
двадцать,0.0
державы,0.0
двадцати,0.0
дать,0.0
даст,0.0
дарованной,0.0
данных,0.0
данный,0.0
данные,0.0
данном,0.0
данной,0.0
данное,0.0
дамаске,0.0
дальше,0.0
дальнейшим,0.0
действительности,0.0
действия,0.0
действиях,0.0
действовавших,0.0
держава,0.0
держав,0.0
деревнями,0.0
депутатов,0.0
деньги,0.0
деньгах,0.0
день,0.0
денежных,0.0
деморализованы,0.0
демократию,0.0
демократического,0.0
демократических,0.0
демократические,0.0
демократическая,0.0
демократизацию,0.0
демократизации,0.0
демографией,0.0
делом,0.0
дело,0.0
дележа,0.0
деле,0.0
делах,0.0
делами,0.0
делали,0.0
дел,0.0
действовать,0.0
действовала,0.0
обстоятельства,0.0
освободила,0.0
обстоятельство,0.0
создать,0.0
сообществ,0.0
сомнительной,0.0
сомнению,0.0
сомневаются,0.0
солидарности,0.0
солдат,0.0
солан,0.0
сокрушительной,0.0
сокрушительная,0.0
сокращение,0.0
сократить,0.0
сократились,0.0
создают,0.0
создастся,0.0
сообщество,0.0
создания,0.0
созданию,0.0
созданием,0.0
создание,0.0
создал,0.0
создается,0.0
создавшее,0.0
создавая,0.0
создав,0.0
сожалению,0.0
соединёнными,0.0
соединенных,0.0
содержащихся,0.0
сообщества,0.0
сообществом,0.0
строгих,0.0
составляет,0.0
сотрудничал,0.0
сотрудником,0.0
сотрудник,0.0
сотни,0.0
сотен,0.0
сосуществуют,0.0
сосуществование,0.0
состоящее,0.0
состоящего,0.0
состояться,0.0
состояние,0.0
состоит,0.0
составляющего,0.0
составе,0.0
сообщил,0.0
сосредоточиться,0.0
сосредоточится,0.0
сосредоточено,0.0
сосредоточена,0.0
сосредотачивает,0.0
соседям,0.0
соседа,0.0
сопротивления,0.0
сопротивлению,0.0
сопротивление,0.0
соперником,0.0
соответствии,0.0
сообщили,0.0
содержащий,0.0
содержания,0.0
содействовать,0.0
смотрят,0.0
собственного,0.0
собратьями,0.0
собой,0.0
соблюдения,0.0
соблюдение,0.0
собирать,0.0
со,0.0
снять,0.0
снова,0.0
снизилось,0.0
снизило,0.0
смягчить,0.0
смысл,0.0
смотрит,0.0
содействие,0.0
смотреть,0.0
смотрели,0.0
сможет,0.0
смогут,0.0
смогли,0.0
сми,0.0
смех,0.0
смесь,0.0
сместить,0.0
сместил,0.0
смертников,0.0
смерти,0.0
сменил,0.0
собственную,0.0
собственный,0.0
собственных,0.0
событие,0.0
соглашениях,0.0
соглашение,0.0
соглашаясь,0.0
соглашаться,0.0
согласятся,0.0
согласно,0.0
согласия,0.0
согласится,0.0
согласился,0.0
согласились,0.0
согласилась,0.0
совсем,0.0
совпало,0.0
совпадают,0.0
совместных,0.0
совету,0.0
советника,0.0
советник,0.0
совете,0.0
совета,0.0
совет,0.0
совершить,0.0
совершенства,0.0
совершении,0.0
события,0.0
событий,0.0
событием,0.0
сотрудничества,0.0
сотрудничестве,0.0
сотрудничеству,0.0
стену,0.0
столкнёт,0.0
столкнувшись,0.0
столицы,0.0
столицей,0.0
столетий,0.0
столетие,0.0
стоит,0.0
стиле,0.0
стивен,0.0
стесненную,0.0
степень,0.0
степени,0.0
стены,0.0
статьи,0.0
стало,0.0
статусу,0.0
статусе,0.0
статуса,0.0
статус,0.0
старший,0.0
старшие,0.0
старую,0.0
старой,0.0
стараясь,0.0
стараются,0.0
стараний,0.0
старается,0.0
становится,0.0
столь,0.0
сторонами,0.0
сторонника,0.0
сторонникам,0.0
стремясь,0.0
стремлении,0.0
стремлением,0.0
стремление,0.0
стремится,0.0
стремительно,0.0
стремился,0.0
стрелком,0.0
страха,0.0
стратегия,0.0
стратегии,0.0
страны,0.0
страну,0.0
стране,0.0
странам,0.0
страна,0.0
стран,0.0
стражу,0.0
страдал,0.0
стоящие,0.0
стоящая,0.0
стоят,0.0
стоял,0.0
стороны,0.0
сторону,0.0
сторонников,0.0
сторонники,0.0
стандартам,0.0
сталкивается,0.0
сохранение,0.0
союзницей,0.0
способов,0.0
способностями,0.0
способности,0.0
способен,0.0
способ,0.0
спланированных,0.0
спешит,0.0
спецслужб,0.0
специальный,0.0
специальную,0.0
спектр,0.0
союзу,0.0
союзнические,0.0
союзники,0.0
стали,0.0
союзниками,0.0
союза,0.0
союз,0.0
сошло,0.0
сочувствующих,0.0
сочтут,0.0
сочетании,0.0
социолог,0.0
социо,0.0
социальными,0.0
социальное,0.0
сохранили,0.0
сохранения,0.0
способствовала,0.0
справедливо,0.0
справедливое,0.0
справедливые,0.0
стала,0.0
стал,0.0
стажем,0.0
ставит,0.0
ставила,0.0
стабильность,0.0
стабильности,0.0
стабилизации,0.0
срослись,0.0
сроком,0.0
сроков,0.0
сроки,0.0
срок,0.0
средством,0.0
средства,0.0
средств,0.0
средних,0.0
среднего,0.0
среде,0.0
сразу,0.0
сражается,0.0
сработать,0.0
спровоцировать,0.0
справляться,0.0
справиться,0.0
справится,0.0
справедливыми,0.0
смена,0.0
смелый,0.0
смелости,0.0
сайте,0.0
самыми,0.0
самым,0.0
самый,0.0
самые,0.0
самопровозглашенными,0.0
самонадеянности,0.0
самом,0.0
самой,0.0
самое,0.0
самого,0.0
самих,0.0
самая,0.0
сама,0.0
сайт,0.0
руководстве,0.0
сажать,0.0
саджил,0.0
саддаму,0.0
саддама,0.0
саги,0.0
сабан,0.0
сааделлах,0.0
саад,0.0
ряд,0.0
румыния,0.0
руководящий,0.0
руководящей,0.0
руководящего,0.0
самых,0.0
саудовского,0.0
саша,0.0
сближаются,0.0
связь,0.0
связывают,0.0
связей,0.0
связаны,0.0
связанных,0.0
связанные,0.0
связанном,0.0
связана,0.0
свыше,0.0
своих,0.0
своими,0.0
своим,0.0
своему,0.0
своей,0.0
свое,0.0
свободы,0.0
свободу,0.0
свобода,0.0
свобод,0.0
свидетельствуют,0.0
свидетельство,0.0
светское,0.0
светские,0.0
свете,0.0
свергнув,0.0
свела,0.0
сближению,0.0
руководство,0.0
руководства,0.0
сделал,0.0
религиозными,0.0
решать,0.0
реформам,0.0
реформа,0.0
реформ,0.0
референдуме,0.0
референдума,0.0
референдум,0.0
ресурс,0.0
республики,0.0
репутация,0.0
репутацию,0.0
репрессии,0.0
религиозных,0.0
религиозным,0.0
руководить,0.0
религиозный,0.0
религиозные,0.0
религии,0.0
рекордных,0.0
рекомендуют,0.0
рекомендации,0.0
результаты,0.0
результате,0.0
резолюцию,0.0
резолюции,0.0
режиму,0.0
режимом,0.0
режимов,0.0
решающими,0.0
решающую,0.0
решена,0.0
решением,0.0
руководитель,0.0
руководит,0.0
руках,0.0
руины,0.0
ругают,0.0
роста,0.0
россия,0.0
россию,0.0
российской,0.0
российские,0.0
россии,0.0
россией,0.0
романист,0.0
роман,0.0
роль,0.0
рода,0.0
рисковать,0.0
риск,0.0
решить,0.0
решительные,0.0
решительно,0.0
решимость,0.0
решили,0.0
решил,0.0
решеткой,0.0
решения,0.0
решении,0.0
сделает,0.0
сделали,0.0
смело,0.0
ситуации,0.0
скорее,0.0
сколько,0.0
скользким,0.0
складывать,0.0
скептически,0.0
скептиков,0.0
сквозь,0.0
скандала,0.0
сказать,0.0
сказала,0.0
сих,0.0
ситуация,0.0
ситуацию,0.0
ситуацией,0.0
сирийские,0.0
системы,0.0
системой,0.0
систематический,0.0
сирия,0.0
сирию,0.0
сирийцам,0.0
сирийскую,0.0
сирийскому,0.0
сирийском,0.0
сирийской,0.0
сирийского,0.0
сирийских,0.0
сирийским,0.0
скоро,0.0
скрыть,0.0
слабый,0.0
следовать,0.0
слушать,0.0
случится,0.0
случаях,0.0
случайно,0.0
случае,0.0
служил,0.0
службы,0.0
службу,0.0
служба,0.0
служб,0.0
слоях,0.0
сложных,0.0
сложности,0.0
сложной,0.0
сложного,0.0
сложившуюся,0.0
слоев,0.0
словами,0.0
словам,0.0
словакия,0.0
слова,0.0
слишком,0.0
следующих,0.0
следующий,0.0
следующего,0.0
следствием,0.0
следом,0.0
сирийский,0.0
сирийская,0.0
сделало,0.0
сейчас,0.0
сербия,0.0
сербии,0.0
сербией,0.0
сербами,0.0
сентября,0.0
сентябре,0.0
семьи,0.0
семь,0.0
сектором,0.0
сектора,0.0
сектор,0.0
секреты,0.0
секретные,0.0
сегодняшнюю,0.0
сирии,0.0
сегодняшних,0.0
сегодняшней,0.0
сегодня,0.0
северном,0.0
северной,0.0
северное,0.0
севере,0.0
севера,0.0
север,0.0
себя,0.0
себе,0.0
сделки,0.0
сделка,0.0
сербов,0.0
сербские,0.0
сербский,0.0
сербского,0.0
сирией,0.0
симпатия,0.0
симпатий,0.0
символ,0.0
сильно,0.0
сильнее,0.0
силы,0.0
силе,0.0
силами,0.0
силам,0.0
сил,0.0
сигналом,0.0
сигнализирует,0.0
сиамские,0.0
серьёзные,0.0
серьезных,0.0
серьезным,0.0
серьезные,0.0
серьезную,0.0
серьезного,0.0
серия,0.0
середины,0.0
сербы,0.0
сербскую,0.0
сербскому,0.0
сербской,0.0
сербское,0.0
строгим,0.0
строгого,0.0
обструкционистской,0.0
харири,0.0
хронически,0.0
хочется,0.0
хотят,0.0
хомси,0.0
холодной,0.0
холоднее,0.0
холодная,0.0
ходе,0.0
ход,0.0
хватало,0.0
хафиз,0.0
хассо,0.0
хассан,0.0
характерно,0.0
хрупким,0.0
характер,0.0
хаотичной,0.0
хаос,0.0
ханна,0.0
хамид,0.0
хамасу,0.0
хамасом,0.0
хамаса,0.0
халифа,0.0
хака,0.0
хайфы,0.0
функционировать,0.0
фундаментальная,0.0
хронического,0.0
хрупкой,0.0
строительными,0.0
центральную,0.0
часть,0.0
частые,0.0
часто,0.0
частных,0.0
частности,0.0
частичную,0.0
часов,0.0
час,0.0
цифры,0.0
цинизм,0.0
цену,0.0
центры,0.0
центре,0.0
центрального,0.0
хулиганов,0.0
центр,0.0
ценности,0.0
цена,0.0
целям,0.0
цель,0.0
целостности,0.0
целом,0.0
цели,0.0
целенаправленных,0.0
целей,0.0
хэдли,0.0
хусейна,0.0
хунте,0.0
фронтов,0.0
фронтах,0.0
французский,0.0
утверждал,0.0
участвовали,0.0
участвовал,0.0
ухудшению,0.0
ухудшение,0.0
ухудшающееся,0.0
уходе,0.0
ухода,0.0
уход,0.0
ухватилась,0.0
утратит,0.0
утверждении,0.0
утверждалось,0.0
утверждали,0.0
утверждает,0.0
францию,0.0
уступок,0.0
уступки,0.0
уступить,0.0
устройство,0.0
устроить,0.0
устранению,0.0
установления,0.0
установлению,0.0
установление,0.0
установить,0.0
устали,0.0
уставший,0.0
успешным,0.0
участвовать,0.0
участием,0.0
участия,0.0
учитывая,0.0
форумов,0.0
форумах,0.0
формирования,0.0
формальной,0.0
фондом,0.0
фонда,0.0
флориде,0.0
флинт,0.0
финляндии,0.0
финансовую,0.0
финансирует,0.0
финансировал,0.0
физическими,0.0
фиаско,0.0
феодальной,0.0
феврале,0.0
фатхом,0.0
фанатиков,0.0
фактически,0.0
факта,0.0
факт,0.0
фазой,0.0
уязвимым,0.0
уязвима,0.0
ущерба,0.0
ушло,0.0
учреждениях,0.0
часы,0.0
чаудхри,0.0
чашу,0.0
эллиот,0.0
этническими,0.0
этнические,0.0
этих,0.0
этими,0.0
эти,0.0
этапе,0.0
этана,0.0
эта,0.0
эскалации,0.0
эпохи,0.0
эпоха,0.0
эпизод,0.0
энергии,0.0
элита,0.0
экономических,0.0
электронный,0.0
экстремисты,0.0
экстремистскими,0.0
экстремистским,0.0
экстремистами,0.0
экстремистам,0.0
экстремизмом,0.0
экстремизма,0.0
экстремизм,0.0
эксплуатировать,0.0
эксперт,0.0
экс,0.0
экранов,0.0
этнических,0.0
этому,0.0
эффект,0.0
эффектами,0.0
ясир,0.0
ясина,0.0
яркий,0.0
января,0.0
январь,0.0
январе,0.0
якобы,0.0
языков,0.0
язык,0.0
ядро,0.0
ядерной,0.0
явно,0.0
являясь,0.0
являющиеся,0.0
являющееся,0.0
являются,0.0
является,0.0
явление,0.0
юсуф,0.0
юристов,0.0
юридической,0.0
юридическим,0.0
югославии,0.0
юар,0.0
эффективную,0.0
эффективной,0.0
эффективно,0.0
экономического,0.0
экономические,0.0
человек,0.0
чиновников,0.0
чувствительностью,0.0
чувства,0.0
чтоб,0.0
чрезвычайное,0.0
чрезвычайного,0.0
членов,0.0
члена,0.0
член,0.0
чистоте,0.0
число,0.0
числа,0.0
чины,0.0
чиновником,0.0
чиновники,0.0
экономику,0.0
чиновник,0.0
чинить,0.0
четырнадцати,0.0
четырех,0.0
четыре,0.0
четкой,0.0
четверти,0.0
честными,0.0
честное,0.0
чести,0.0
черногории,0.0
через,0.0
человека,0.0
чём,0.0
шаг,0.0
шаги,0.0
шагу,0.0
эддин,0.0
эвакуации,0.0
эбрамс,0.0
эбана,0.0
штатов,0.0
штатах,0.0
шок,0.0
школы,0.0
школе,0.0
широкую,0.0
широкой,0.0
широкое,0.0
широко,0.0
широких,0.0
широкий,0.0
ширится,0.0
шииты,0.0
шиитского,0.0
шиитских,0.0
шесть,0.0
шестой,0.0
шестнадцать,0.0
шейха,0.0
шарона,0.0
шансу,0.0
шансом,0.0
шанс,0.0
успешность,0.0
успешно,0.0
успехов,0.0
телеканалу,0.0
территориями,0.0
территорию,0.0
территорий,0.0
территории,0.0
территориальной,0.0
терпимостью,0.0
терпения,0.0
терпение,0.0
теперь,0.0
тенденция,0.0
темы,0.0
тему,0.0
теми,0.0
телевизор,0.0
тактическим,0.0
тела,0.0
текущем,0.0
текущего,0.0
текстом,0.0
тегеране,0.0
те,0.0
творческим,0.0
твердо,0.0
там,0.0
талоны,0.0
талибанизации,0.0
талибана,0.0
талибан,0.0
терроризмом,0.0
террорист,0.0
террористические,0.0
террористов,0.0
требуя,0.0
требуют,0.0
требуется,0.0
требует,0.0
требования,0.0
требований,0.0
требование,0.0
тратят,0.0
традиции,0.0
трагично,0.0
трагедия,0.0
точно,0.0
точкой,0.0
точки,0.0
тот,0.0
торговли,0.0
тому,0.0
томилась,0.0
толпами,0.0
той,0.0
тоже,0.0
тогда,0.0
товарищей,0.0
то,0.0
течение,0.0
технократов,0.0
террористы,0.0
такую,0.0
тактики,0.0
третьего,0.0
судебные,0.0
существенную,0.0
существенно,0.0
сути,0.0
супермаксе,0.0
сумму,0.0
судью,0.0
судьбе,0.0
суды,0.0
судов,0.0
судить,0.0
судимостях,0.0
судимости,0.0
судей,0.0
судебную,0.0
тактика,0.0
судебной,0.0
судебного,0.0
судебная,0.0
суде,0.0
суда,0.0
суд,0.0
суверенитета,0.0
суверенитет,0.0
структуру,0.0
структуре,0.0
строящихся,0.0
строительству,0.0
строительство,0.0
существовать,0.0
существу,0.0
существует,0.0
сущности,0.0
таком,0.0
такой,0.0
такое,0.0
такого,0.0
такова,0.0
таких,0.0
такие,0.0
такая,0.0
тайны,0.0
сэкономить,0.0
сыграют,0.0
сыграть,0.0
сыграло,0.0
сыграли,0.0
сыграл,0.0
сша,0.0
считали,0.0
считалась,0.0
считает,0.0
счету,0.0
счет,0.0
счастью,0.0
сцене,0.0
сформирует,0.0
сформировать,0.0
сферы,0.0
сферах,0.0
тревожит,0.0
третьи,0.0
успеха,0.0
уменьшилось,0.0
употребления,0.0
употреблением,0.0
упорства,0.0
уничтожить,0.0
уникальный,0.0
университета,0.0
умы,0.0
умеренных,0.0
умеренную,0.0
умеренность,0.0
умеренной,0.0
умер,0.0
уменьшить,0.0
ультранационалистическая,0.0
удовлетворять,0.0
уль,0.0
улучшить,0.0
улучшения,0.0
улучшением,0.0
улучшение,0.0
уличной,0.0
улицах,0.0
укрепило,0.0
укоренившееся,0.0
указания,0.0
уйти,0.0
уйдет,0.0
узаконивающие,0.0
употребляющий,0.0
управлением,0.0
управления,0.0
управляемыми,0.0
успех,0.0
услуги,0.0
услуг,0.0
усложнить,0.0
условия,0.0
условий,0.0
ускользнуть,0.0
усилят,0.0
усилиям,0.0
усилия,0.0
усилит,0.0
усилий,0.0
усиление,0.0
усвоил,0.0
урок,0.0
уродливую,0.0
уровня,0.0
уровнем,0.0
уровне,0.0
урегулирования,0.0
урегулирование,0.0
упустить,0.0
упускать,0.0
упражнениями,0.0
управляющим,0.0
управляться,0.0
управлять,0.0
ужасу,0.0
удивляет,0.0
трех,0.0
тщательно,0.0
тяжелые,0.0
тяжелое,0.0
тюрьмы,0.0
тюрьме,0.0
тюрьмах,0.0
тюремный,0.0
тюремную,0.0
тюремной,0.0
тюрем,0.0
тысячу,0.0
тысячи,0.0
тысяч,0.0
ты,0.0
тупике,0.0
удивлению,0.0
туманную,0.0
туда,0.0
ту,0.0
трупов,0.0
трудность,0.0
трудности,0.0
трудное,0.0
трудно,0.0
тринадцати,0.0
трибуналом,0.0
три,0.0
трещину,0.0
трехмесячных,0.0
тяжелым,0.0
тянуть,0.0
убедил,0.0
убедила,0.0
удивительного,0.0
удивительно,0.0
удерживая,0.0
удержать,0.0
уделяет,0.0
ударом,0.0
удар,0.0
угрозы,0.0
угрозу,0.0
угрожает,0.0
уголовным,0.0
уголовного,0.0
уволил,0.0
увидеть,0.0
уверенном,0.0
уверенное,0.0
увеличилось,0.0
убрать,0.0
убраны,0.0
убитых,0.0
убита,0.0
убийство,0.0
убийствах,0.0
убийства,0.0
убийств,0.0
убежденные,0.0
убеждение,0.0
режиме,0.0
режимами,0.0
режима,0.0
плана,0.0
побочными,0.0
победу,0.0
победе,0.0
победа,0.0
плюс,0.0
плюралистического,0.0
плюрализме,0.0
плохом,0.0
плохо,0.0
племенными,0.0
племенами,0.0
платформа,0.0
планируют,0.0
план,0.0
поведение,0.0
питают,0.0
питание,0.0
питает,0.0
писатель,0.0
петиции,0.0
перспективу,0.0
перспективам,0.0
перспектива,0.0
персами,0.0
периодически,0.0
периода,0.0
период,0.0
перечить,0.0
побывать,0.0
поверить,0.0
режим,0.0
подавляющего,0.0
поддержке,0.0
поддержит,0.0
поддерживая,0.0
поддержать,0.0
поддержав,0.0
подданных,0.0
подготовкой,0.0
подготовки,0.0
подготавливалось,0.0
подвергаемой,0.0
подается,0.0
подает,0.0
подавляя,0.0
подавление,0.0
поверхности,0.0
под,0.0
повторять,0.0
повторяет,0.0
повторной,0.0
повстанцев,0.0
поворотной,0.0
поворот,0.0
поволноваться,0.0
поводу,0.0
повлияют,0.0
повлиять,0.0
повешения,0.0
повешен,0.0
перестройку,0.0
перестать,0.0
пересмотреть,0.0
палестинские,0.0
пандоры,0.0
пальцы,0.0
палки,0.0
палитру,0.0
палестинцы,0.0
палестинцами,0.0
палестинцам,0.0
палестину,0.0
палестинскому,0.0
палестинском,0.0
палестинское,0.0
палестинскими,0.0
палестинский,0.0
палестиной,0.0
переполнит,0.0
палестина,0.0
пакистанцы,0.0
пакистанскую,0.0
пакистанской,0.0
пакистанского,0.0
пакистаном,0.0
пакистане,0.0
пакистана,0.0
пакистан,0.0
падение,0.0
ощущался,0.0
ощущается,0.0
ощущает,0.0
параллельные,0.0
парламента,0.0
парламентом,0.0
парламентское,0.0
переоценить,0.0
перемирие,0.0
переменах,0.0
переменам,0.0
перемена,0.0
перемен,0.0
переизбрание,0.0
перед,0.0
переговоров,0.0
переговорах,0.0
переговорам,0.0
перевесил,0.0
переведен,0.0
переброску,0.0
первых,0.0
первый,0.0
первые,0.0
первую,0.0
первой,0.0
первеза,0.0
первез,0.0
первая,0.0
пассивность,0.0
партнера,0.0
партия,0.0
партию,0.0
партий,0.0
поддержки,0.0
поддержкой,0.0
поддержку,0.0
получив,0.0
помочь,0.0
помогли,0.0
помогала,0.0
помимо,0.0
помешать,0.0
поля,0.0
пользы,0.0
польза,0.0
полчаса,0.0
получить,0.0
получит,0.0
получила,0.0
получил,0.0
полученных,0.0
политическом,0.0
получения,0.0
получающими,0.0
получат,0.0
получал,0.0
положительный,0.0
положившей,0.0
положившее,0.0
положения,0.0
полным,0.0
полную,0.0
полностью,0.0
полноправного,0.0
полномочий,0.0
помощи,0.0
помощник,0.0
помощь,0.0
помощью,0.0
поселений,0.0
порядку,0.0
порядке,0.0
порочном,0.0
поражения,0.0
поражению,0.0
пора,0.0
пор,0.0
попытки,0.0
попытка,0.0
попытаются,0.0
попытался,0.0
попытались,0.0
популярных,0.0
популярное,0.0
попрошайничества,0.0
попросить,0.0
попасть,0.0
попало,0.0
поощрялось,0.0
поощряет,0.0
поос,0.0
понять,0.0
понятны,0.0
понятно,0.0
понимали,0.0
понимает,0.0
политическому,0.0
политическое,0.0
подкрепление,0.0
подтвердил,0.0
пожелание,0.0
подчинялись,0.0
подчиниться,0.0
подчеркнуть,0.0
подчеркнули,0.0
подчеркивают,0.0
подчеркивает,0.0
подходящим,0.0
подходящий,0.0
подходы,0.0
подходит,0.0
подтолкнет,0.0
подтвердить,0.0
подталкивая,0.0
политических,0.0
подсчет,0.0
подступиться,0.0
подстегнуть,0.0
подрыв,0.0
подрастающего,0.0
подразумевает,0.0
подписанных,0.0
подорвать,0.0
подольше,0.0
подозрительный,0.0
подогревает,0.0
подобные,0.0
подобного,0.0
пожизненное,0.0
пожизненных,0.0
позволил,0.0
позволила,0.0
политическими,0.0
политический,0.0
политические,0.0
политически,0.0
политическая,0.0
политиков,0.0
политика,0.0
политик,0.0
пола,0.0
покоя,0.0
поколения,0.0
поколений,0.0
поколеблет,0.0
покойный,0.0
поклялась,0.0
показать,0.0
показали,0.0
пока,0.0
пойти,0.0
поймали,0.0
позициям,0.0
позиций,0.0
позволяя,0.0
позволяют,0.0
позволить,0.0
позволит,0.0
позволили,0.0
ошибочное,0.0
ошибки,0.0
ошеломил,0.0
около,0.0
операциях,0.0
операций,0.0
опасную,0.0
опасная,0.0
оон,0.0
оно,0.0
октября,0.0
октябре,0.0
окружающего,0.0
окончательному,0.0
окончательном,0.0
окончательное,0.0
окончательного,0.0
оккупированных,0.0
одну,0.0
оккупация,0.0
оккупации,0.0
оказываются,0.0
оказаться,0.0
оказались,0.0
означать,0.0
означает,0.0
ознаменовано,0.0
ознакомлению,0.0
ожидают,0.0
ожиданиям,0.0
ожидалось,0.0
одобрит,0.0
ополчения,0.0
оппозицией,0.0
оппозиции,0.0
оппозиционные,0.0
осложнила,0.0
осложнения,0.0
ослабление,0.0
ослаблен,0.0
ослабить,0.0
ослабили,0.0
оскорбительное,0.0
оседать,0.0
освобождены,0.0
освобожденными,0.0
освободить,0.0
ясно,0.0
освободившимися,0.0
оружия,0.0
организовать,0.0
организовало,0.0
организациям,0.0
организация,0.0
организацию,0.0
опять,0.0
опубликованном,0.0
опубликованной,0.0
определить,0.0
определит,0.0
определению,0.0
оправдать,0.0
оппозицию,0.0
одобрения,0.0
односторонний,0.0
осложняется,0.0
обществе,0.0
объединила,0.0
объединения,0.0
объединений,0.0
обществу,0.0
обществом,0.0
общество,0.0
общественных,0.0
общественным,0.0
общественный,0.0
общественность,0.0
общественности,0.0
общественной,0.0
общественное,0.0
общества,0.0
одностороннем,0.0
общем,0.0
общей,0.0
обширную,0.0
обход,0.0
обучение,0.0
обусловлена,0.0
обсуждениям,0.0
обсуждения,0.0
обсуждений,0.0
обсуждение,0.0
обсуждать,0.0
обсуждается,0.0
обсуждает,0.0
объединить,0.0
объем,0.0
объявив,0.0
объявил,0.0
однородностью,0.0
одному,0.0
одном,0.0
одной,0.0
одновременно,0.0
одних,0.0
одним,0.0
одни,0.0
одна,0.0
один,0.0
оделенным,0.0
огромную,0.0
ограничения,0.0
огонь,0.0
огня,0.0
овчинка,0.0
обязательное,0.0
обязательно,0.0
обычных,0.0
обычной,0.0
обычно,0.0
обычаям,0.0
обыватели,0.0
обывателей,0.0
объясняют,0.0
объяснил,0.0
объявили,0.0
осложнить,0.0
основания,0.0
очоа,0.0
относящиеся,0.0
отреагировать,0.0
отреагировали,0.0
отражают,0.0
отправке,0.0
отправил,0.0
отомстить,0.0
отношениях,0.0
отношениями,0.0
отношениям,0.0
отношения,0.0
отношений,0.0
отношении,0.0
отношение,0.0
относятся,0.0
отклонил,0.0
относительно,0.0
отмечал,0.0
отметок,0.0
отметить,0.0
отличным,0.0
отличие,0.0
открытым,0.0
открытые,0.0
открытую,0.0
открыто,0.0
открытие,0.0
открыл,0.0
откроет,0.0
отреагирует,0.0
отрепетированном,0.0
отсрочить,0.0
отставку,0.0
очернению,0.0
очередное,0.0
очень,0.0
очевидна,0.0
оценивать,0.0
охраны,0.0
охрану,0.0
охвату,0.0
официальные,0.0
отчаянном,0.0
отчаянно,0.0
отца,0.0
оттуда,0.0
отторжения,0.0
оттесняет,0.0
оттепелью,0.0
оттепель,0.0
оттепели,0.0
отсчитывают,0.0
отсутствует,0.0
отсутствия,0.0
отсутствии,0.0
отсутствие,0.0
отступать,0.0
отстранив,0.0
отстраненными,0.0
отстранении,0.0
отколовшегося,0.0
отказывалась,0.0
основанные,0.0
оставалось,0.0
осуждение,0.0
осуждая,0.0
осудила,0.0
острее,0.0
осторожного,0.0
остаются,0.0
остановлено,0.0
остановить,0.0
остается,0.0
оставляя,0.0
оставить,0.0
оставило,0.0
оставаться,0.0
оставалась,0.0
отказывается,0.0
оспаривать,0.0
осознают,0.0
осознавать,0.0
осознав,0.0
особое,0.0
особо,0.0
особенности,0.0
основную,0.0
основном,0.0
основное,0.0
основная,0.0
основателем,0.0
основано,0.0
отбывает,0.0
отбывал,0.0
отбывали,0.0
отбывать,0.0
отказом,0.0
отказе,0.0
отказался,0.0
отказ,0.0
откажется,0.0
отдельным,0.0
отделения,0.0
отделении,0.0
отдать,0.0
отдалённую,0.0
отвращение,0.0
отвлекло,0.0
отвлекла,0.0
отвечать,0.0
отвечает,0.0
ответственным,0.0
ответственность,0.0
ответом,0.0
ответным,0.0
ответить,0.0
ответит,0.0
ответа,0.0
отвести,0.0
отвергли,0.0
отвергает,0.0
отверг,0.0
отбывают,0.0
поселения,0.0
поселенцев,0.0
поселков,0.0
пройдет,0.0
противодействию,0.0
противодействие,0.0
против,0.0
протестов,0.0
просьбой,0.0
простых,0.0
простой,0.0
просто,0.0
проследить,0.0
просвещённую,0.0
прорывается,0.0
проницательных,0.0
промедление,0.0
происходят,0.0
продолжаются,0.0
происходит,0.0
произошло,0.0
произойдет,0.0
прозападного,0.0
проживает,0.0
проекта,0.0
проект,0.0
продуктивнее,0.0
продолжу,0.0
продолжить,0.0
продолжительных,0.0
продолжительное,0.0
продолжит,0.0
противоракетной,0.0
противоречивую,0.0
противоречия,0.0
противоречиями,0.0
пугающих,0.0
публично,0.0
психоза,0.0
прямых,0.0
прямо,0.0
проявляют,0.0
проявлением,0.0
проявление,0.0
проявить,0.0
проявили,0.0
прощать,0.0
прошлом,0.0
прошлого,0.0
прошедших,0.0
прошедшей,0.0
прочтя,0.0
прочную,0.0
прочего,0.0
процессом,0.0
процесс,0.0
процент,0.0
проходит,0.0
проходили,0.0
профсоюзов,0.0
профессиональное,0.0
профессионалов,0.0
противостоять,0.0
продолжения,0.0
продолжают,0.0
путем,0.0
проблем,0.0
провести,0.0
проверку,0.0
проверкой,0.0
проведет,0.0
проведены,0.0
проведенным,0.0
проведение,0.0
провалы,0.0
проблемы,0.0
проблемой,0.0
проблематичным,0.0
проблемам,0.0
проблема,0.0
приштины,0.0
продолжать,0.0
пришлось,0.0
пришли,0.0
пришла,0.0
причины,0.0
причиной,0.0
причина,0.0
причин,0.0
приходом,0.0
приукрашать,0.0
притом,0.0
приток,0.0
присутствовали,0.0
присутствие,0.0
провинциальных,0.0
провинцией,0.0
провинции,0.0
проводит,0.0
продолжала,0.0
продолжает,0.0
продовольствие,0.0
продлилась,0.0
продемонстрировать,0.0
продвижении,0.0
продажей,0.0
прогресса,0.0
программы,0.0
программу,0.0
программой,0.0
программе,0.0
проголосует,0.0
проголосовать,0.0
проголосовали,0.0
провоцирует,0.0
провоцировать,0.0
провокацию,0.0
провозглашённой,0.0
провозглашения,0.0
провозглашению,0.0
провозглашение,0.0
провозглашена,0.0
провозгласят,0.0
провозгласить,0.0
провозгласит,0.0
проводят,0.0
пунктам,0.0
путешествуя,0.0
присоединяться,0.0
расследование,0.0
растущей,0.0
расти,0.0
растет,0.0
рассчитывать,0.0
рассчитано,0.0
рассчитанным,0.0
рассмотрит,0.0
рассмотрению,0.0
рассматривают,0.0
рассматривать,0.0
рассматривали,0.0
рассматривала,0.0
расследования,0.0
распутье,0.0
райс,0.0
распространяться,0.0
распространяется,0.0
распространились,0.0
распространение,0.0
распределяться,0.0
распределении,0.0
расползающейся,0.0
распада,0.0
раскрыл,0.0
раньше,0.0
рантиси,0.0
рано,0.0
ранее,0.0
растущий,0.0
расходуются,0.0
расчета,0.0
расширение,0.0
регулярные,0.0
регионов,0.0
регионами,0.0
региональным,0.0
региональном,0.0
региональное,0.0
регионального,0.0
региона,0.0
регион,0.0
революционного,0.0
реальным,0.0
реальность,0.0
реальности,0.0
реальной,0.0
реальное,0.0
реальная,0.0
реалиям,0.0
реалистическим,0.0
реалий,0.0
реализация,0.0
реализации,0.0
реакция,0.0
реакции,0.0
реакцией,0.0
реагирования,0.0
рафика,0.0
расширению,0.0
ракета,0.0
районов,0.0
пути,0.0
равно,0.0
развиваться,0.0
разведывательных,0.0
разведывательные,0.0
разведке,0.0
разбирательства,0.0
раза,0.0
раз,0.0
радиус,0.0
радио,0.0
радикальных,0.0
радикальная,0.0
радаров,0.0
рад,0.0
работы,0.0
районе,0.0
работу,0.0
раболепным,0.0
пёструю,0.0
пять,0.0
пятой,0.0
пятидесятивосьмилетний,0.0
пытаясь,0.0
пытался,0.0
пытались,0.0
пытавшимся,0.0
путинская,0.0
путина,0.0
путин,0.0
развитие,0.0
развития,0.0
разворачиваются,0.0
разговоре,0.0
районах,0.0
разрушить,0.0
разрушили,0.0
разрушению,0.0
разрушающую,0.0
разрешить,0.0
разрешили,0.0
разрешения,0.0
разрешению,0.0
разрешают,0.0
разрешать,0.0
разразится,0.0
разочарованиям,0.0
разорвать,0.0
разобщенными,0.0
разные,0.0
разнообразных,0.0
разнообразия,0.0
разногласий,0.0
размером,0.0
различные,0.0
разделяет,0.0
разделительной,0.0
разделения,0.0
разделению,0.0
раздела,0.0
раздел,0.0
приспособиться,0.0
присоединиться,0.0
посетить,0.0
правлению,0.0
правящим,0.0
правящая,0.0
праву,0.0
правосудия,0.0
правопреемственности,0.0
правонарушителей,0.0
правонарушения,0.0
правомерно,0.0
правом,0.0
правого,0.0
правовое,0.0
право,0.0
правления,0.0
правление,0.0
прав,0.0
правителям,0.0
правительством,0.0
правительство,0.0
правительственных,0.0
правительственным,0.0
правительственную,0.0
правительстве,0.0
правительства,0.0
правители,0.0
правил,0.0
праве,0.0
правда,0.0
правами,0.0
правящими,0.0
правящих,0.0
прагматических,0.0
практически,0.0
предоставило,0.0
предоставил,0.0
предоставив,0.0
предложенный,0.0
предложения,0.0
предложением,0.0
предложение,0.0
предложат,0.0
предлогом,0.0
предлог,0.0
предлагаемого,0.0
пределом,0.0
пределами,0.0
предварительного,0.0
предварительная,0.0
предательства,0.0
предано,0.0
преданным,0.0
преданного,0.0
превышает,0.0
превратить,0.0
превратившей,0.0
превосходный,0.0
превозносят,0.0
превзошло,0.0
превзойдя,0.0
преамбуле,0.0
права,0.0
появляющиеся,0.0
предоставлена,0.0
последующее,0.0
поставленной,0.0
поставлен,0.0
поставить,0.0
поста,0.0
пост,0.0
посредством,0.0
посредничестве,0.0
посредника,0.0
посреди,0.0
поспорить,0.0
пособие,0.0
пословицы,0.0
последующие,0.0
последует,0.0
появляется,0.0
последствиям,0.0
последствия,0.0
последовательности,0.0
последовательно,0.0
последняя,0.0
последнюю,0.0
последних,0.0
последний,0.0
последней,0.0
последнее,0.0
посланником,0.0
посланника,0.0
посла,0.0
поставлено,0.0
постоянно,0.0
постоянной,0.0
постоянны,0.0
появился,0.0
появилась,0.0
поэт,0.0
пошла,0.0
почти,0.0
почему,0.0
похоже,0.0
похищения,0.0
похищению,0.0
похвастаться,0.0
потрясшими,0.0
потрясений,0.0
потребуются,0.0
потребует,0.0
потребовали,0.0
потребовал,0.0
потерял,0.0
потерпели,0.0
потери,0.0
потенциальным,0.0
потенциального,0.0
посылать,0.0
посты,0.0
поступавшим,0.0
посту,0.0
пострадал,0.0
постоянства,0.0
предоставить,0.0
предоставление,0.0
природа,0.0
приграничном,0.0
признаков,0.0
призвал,0.0
приемлемый,0.0
придётся,0.0
придется,0.0
придет,0.0
придерживаться,0.0
придающая,0.0
придало,0.0
придавать,0.0
придав,0.0
пригрозить,0.0
приграничных,0.0
приговоры,0.0
приведенные,0.0
приговор,0.0
приводя,0.0
привлечение,0.0
привлекли,0.0
привлекательной,0.0
привлекает,0.0
привилегий,0.0
приветствовали,0.0
привести,0.0
приверженцы,0.0
привели,0.0
привела,0.0
приведя,0.0
признал,0.0
признанием,0.0
признания,0.0
признанного,0.0
приобрело,0.0
приобрел,0.0
принять,0.0
принятию,0.0
принятии,0.0
принятие,0.0
приняли,0.0
принципом,0.0
принципа,0.0
принца,0.0
принимая,0.0
принимала,0.0
принести,0.0
принесла,0.0
принадлежности,0.0
примут,0.0
примирению,0.0
примет,0.0
примерах,0.0
пример,0.0
прилагаемые,0.0
приказам,0.0
прийти,0.0
призывала,0.0
призывал,0.0
призыв,0.0
признают,0.0
приведет,0.0
приблизительно,0.0
предоставлении,0.0
представитель,0.0
президент,0.0
прежнему,0.0
преемником,0.0
преемника,0.0
предшествующее,0.0
предшествовал,0.0
предусматривает,0.0
предстоящего,0.0
предстал,0.0
представляющих,0.0
представляют,0.0
представляет,0.0
представить,0.0
представители,0.0
прибегают,0.0
представителей,0.0
представили,0.0
предпринять,0.0
предпримет,0.0
предпочитают,0.0
предпочесть,0.0
предположительно,0.0
предположениях,0.0
предположение,0.0
предотвращению,0.0
предотвратить,0.0
предоставляет,0.0
предоставления,0.0
президентом,0.0
президентские,0.0
президентских,0.0
президенту,0.0
претендует,0.0
пресёк,0.0
преступность,0.0
преступности,0.0
преступника,0.0
преступлениях,0.0
преступления,0.0
преступлений,0.0
преступлением,0.0
пресс,0.0
препятствуя,0.0
препятствуют,0.0
препятствий,0.0
преподносит,0.0
преодолеть,0.0
преобразования,0.0
преобразований,0.0
преобразиться,0.0
преобладают,0.0
пренебречь,0.0
премьер,0.0
прекращены,0.0
прекращения,0.0
прекращением,0.0
прекратить,0.0
презрения,0.0
президенты,0.0
10,0.0
